belgium ,,,
Info, Title, Price ,
€114,,,
"Average Daily Cost							Per person", per day,,
�114,,,
€795,,,
"One Week Per person",,,
�795,,,
€1,591,,
"2 Weeks Per person",,,
�1,591,,
€3,409,,
"One Month Per person",,,
�3,409,,
€1,591,,
"One Week For a couple",,,
�1,591,,
€3,181,,
"2 Weeks For a couple",,,
�3,181,,
€6,817,,
"One Month For a couple",,,
�6,817,,
€56,,,
"Hotel for one person														",,,
�56,,,
€113,,,
"Hotel for two (double-occupancy room)",,,
�113,,,
€14,,,
The cost of a taxi ride in Belgium is significantly more than public transportation. On average, past travelers have spent �14 per person, per day, on local transportation in Belgium.
€8.00,,,
"Transportation1														Taxis", local buses, subway," etc.														"
�14,,,
"€4.50         Brussels: Private Airport Transfer to the City			Get Your Guide			   $36			   €8.00         Brussels: Private Transfer to/from Brussels Airport (BRU)			Get Your Guide			   $50			   €15         Private Transfers Between Brussels Airport and the City			Get Your Guide			   $74			   €30         Brussels: Airport (BRU) Private Transfer			Get Your Guide			   $53			   €27",,,
"															Atomium train ticket (2)														",,,
�8.00,,,
€34,,,
"															Subway Pass														",,,
�4.50,,,
€3.00,,,
"															Bike Rental for Day														",,,
�8.00,,,
€4.75,,,
"															Five Day Bus Pass														",,,
�15,,,
€5.60,,,
Transportation between cities and towns in Belgium costs an average of �30. Naturally, prices vary by the length of the route, the type of transportation used, and the date.
€6.98,,,
"Intercity Transportation													",,,
�30,,,
€2.00,,,
"															Car Rental for a Day														",,,
�27,,,
€3.25,,,
While meal prices in Belgium can vary, the average cost of food in Belgium is �34 per day. Based on the spending habits of previous travelers, when dining out an average meal in Belgium should cost around �14 per person. Breakfast prices are usually a little cheaper than lunch or dinner. The price of food in sit-down restaurants in Belgium is often higher than fast food prices or street food prices.,
€4.60,,,
"Meals for one day												",,,
�34,,,
"€16         Brussels: Private Food Tour � 10 Tastings with Locals			Get Your Guide			   $112			   €8.00         Bruges: Private Food Tour � 10 Tastings with Locals			Get Your Guide			   $93			   €4.54         Brussels: Private Trip to Bruges & Food Tour with 6 Tastings			Get Your Guide			   $177			   €13",,,
"															Waffle														",,,
�3.00,,,
€6.00,,,
"															Dessert (Turkish Delights)														",,,
�4.75,,,
€10,,,
"															Cheese														",,,
�5.60,,,
€2.77,,,
"															Olives and Snacks														",,,
�6.98,,,
€1.15,,,
